id,value
1,94127748
2,71501479
4,61274391
5,61506981
6,61506981
10,54930646
11,54930646
15,71351246
17,54712798
23,51116859
25,72087796
28,52603284
31,60773823
35,40467921
39,40467921
40,50378711
43,56981571
48,44406166
51,44406166
55,54647505
56,54620361
57,53185457
61,42178772
62,54581080
69,38824677
70,38824677
71,42178772
74,35993077
80,43219172
82,38743130
84,28156705
85,34797931
88,36971513
90,28129948
91,28156705
95,27546832
101,28156705
104,28156705
111,33324557
113,33324557
116,35853112
120,31047547
122,32583809
130,23926219
136,23683577
138,22986183
141,26811957
144,23683577
146,23683577
147,23683577
150,23683577
151,23683577
152,23683577
158,21044316
159,21044316
160,34109095
162,33086441
168,32366442
172,20897233
177,35297301
181,30509115
183,30596533
184,30596533
186,22872388
187,30596533
192,30596533
193,23096191
194,20272364
200,23096191
201,20272364
204,20272364
206,19166004
208,20897233
219,19166004
221,19166004
227,28575620
231,16321528
233,28620705
235,28575620
237,28575620
238,28711340
239,28711340
255,16321528
258,20620681
260,21245550
272,16321528
273,20620681
275,21245550
279,25049450
281,22623203
284,16133416
286,16321528
292,16133416
300,16133416
301,16133416
303,16133416
304,16133416
315,16133416
318,10236994
320,15279086
322,23584519
323,24584998
326,24584998
328,23714173
337,20898329
339,22108311
342,23682521
343,22248646
360,14968408
364,20898329
365,14968408
367,15223160
368,16252506
369,14968408
372,21663974
376,16044974
379,14968408
380,21663974
383,16044974
385,14968408
386,14968408
390,15223160
391,14968408
393,14968408
400,15223160
403,15223160
413,17433170
416,17244208
423,11075750
424,16420982
426,16199984
427,16420982
428,11075750
429,17244208
431,11075750
432,16420982
433,13222505
439,11075750
443,16199984
444,16199984
446,16199984
449,15776343
456,13222505
457,11075750
464,13222505
468,13931545
472,11075750
474,15776343
483,11075750
488,11075750
494,15091202
499,11075750
505,10926904
506,11075750
510,11075750
511,11075750
512,10926904
517,11075750
521,10926904
522,11075750
523,11075750
526,11075750
531,11075750
540,10926904
547,11075750
555,15364235
556,15364235
563,10815863
564,15962598
566,11030772
573,11030772
574,15316132
581,15316132
588,11030772
590,14892492
591,14892492
595,12847429
596,14161059
597,15316132
599,14892492
600,10769852
602,10815863
603,11030772
606,13435677
613,10811819
615,14161059
620,14161059
623,11030772
624,10769852
628,10815863
630,13435677
635,13435677
636,11030772
638,13435677
662,10811819
664,10811819
665,10811819
670,10769852
672,11030772
677,10769852
680,10811819
695,10811819
705,10811819
713,10811819
716,10769852
717,10769852
720,14533039
723,14428657
725,14428657
731,7568049
733,7568049
734,10851472
738,14428657
740,10721691
743,12591157
747,14428657
750,13192689
752,10721691
753,10851472
756,7568049
758,7568049
768,14533039
770,13192689
772,12167841
773,12167841
791,12591157
793,13192689
794,10721691
798,10851472
799,7568049
801,13955723
804,13192689
805,10851472
811,7568049
822,10721691
824,13192689
827,7568049
828,7568049
832,7568049
837,13192689
844,7568049
851,7568049
852,7568049
854,7473971
856,10851472
860,7568049
867,7568049
877,7568049
880,7473971
883,7568049
885,7065874
889,13617805
891,7068989
894,7065874
897,7065874
898,7065874
899,7065874
904,7469664
906,7469664
907,7065874
910,7469664
915,7065874
917,7068989
919,10446973
925,7469664
928,7068989
940,7065874
945,10349489
946,7068989
951,7068989
953,11847462
959,6965796
961,7068989
963,7065874
965,7065874
971,7065874
973,7065874
983,7068989
985,7065874
997,7068989
998,7065874
999,7065874
1004,7065874
1012,7065874
1014,10446973
1021,6965796
1024,7469664
1028,10349489
1034,7065874
1037,7068989
1038,12421209
1041,7068989
1043,7469664
1044,13617805
1048,12421209
1054,13633175
1058,7065874
1059,7068989
1061,11847462
1068,7065874
1070,7065874
1075,10446973
1076,7065874
1078,7068989
1080,7469664
1082,13617805
1084,7068989
1085,7065874
1088,10446973
1091,13181761
1094,13633175
1096,11654103
1099,10349489
1101,6965796
1103,7065874
1107,7469664
1108,7469664
1110,7068989
1117,7065874
1119,11847462
1120,10349489
1122,7065874
1130,13633175
1136,13633175
1137,7065874
1139,11847462
1140,10446973
1141,12421209
1144,7068989
1148,7068989
1165,7065874
1168,13633175
1174,11847462
1179,8714624
1187,9153103
1188,8714624
1190,6156618
1196,7065874
1197,6153504
1200,8714624
1201,8714624
1203,6156618
1205,8714624
1208,7065874
1212,6156618
1213,6156618
1214,9153103
1217,6153504
1224,6153504
1228,9941249
1229,6153504
1239,7448160
1240,6156618
1247,9955161
1259,9955161
1261,8766578
1265,8714624
1268,6156618
1269,6153504
1271,9973616
1274,6153504
1275,6153504
1276,9742915
1277,6102061
1278,8766578
1288,6153504
1291,6156618
1296,9113178
1297,6156618
1302,9955161
1304,8766578
1306,6153504
1307,6153504
1309,6153504
1310,6153504
1314,6153504
1316,6153504
1317,9973616
1323,6153504
1324,7448160
1325,7068989
1326,6153504
1331,6153504
1333,6153504
1334,6153504
1335,6156618
1337,6153504
1347,9113178
1348,6156618
1354,7448160
1355,6156618
1358,8766578
1362,9113178
1363,6153504
1375,6153504
1377,9113178
1380,9742915
1382,8714624
1391,6153504
1397,7448160
1400,7448160
1401,6153504
1405,9955161
1408,6153504
1409,6153504
1411,7068989
1417,6153504
1420,9973616
1421,9742915
1425,6153504
1428,6156618
1431,9153103
1436,6156618
1448,6156618
1450,7448160
1458,6153504
1459,9113178
1463,6156618
1471,9742915
1473,7068989
1474,7068989
1476,9941249
1482,6153504
1487,7448160
1491,9113178
1496,6156618
1497,7068989
1498,9941249
1504,9113178
1507,7448160
1509,6156618
1513,6153504
1518,6156618
1519,6153504
1522,7068989
1532,9153103
1534,9973616
1538,8766578
1542,7397667
1544,7397667
1549,7397667
1558,6161656
1562,7068989
1563,4817547
1564,8290069
1565,4817547
1568,5031041
1569,5031041
1570,4817547
1573,5031041
1574,5031041
1578,6158542
1580,8635448
1581,5031041
1585,5031041
1591,5031041
1598,5031041
1600,6161656
1609,7397667
1614,6161656
1619,6161656
1628,7065874
1630,4817547
1633,5031041
1638,5031041
1651,5031041
1652,6158542
1659,4817547
1663,4817547
1667,4817547
1668,5031041
1670,8290069
1671,9295946
1675,5031041
1678,5031041
1681,6161656
1683,4817547
1687,8327799
1689,8290069
1690,7397667
1697,9504556
1700,6158542
1711,7068989
1713,5031041
1720,6161656
1723,9523011
1729,8659362
1730,5031041
1735,8290069
1736,4817547
1737,6161656
1738,4817547
1741,8290069
1747,8327799
1753,6161656
1755,5031041
1764,6161656
1766,8635448
1770,5031041
1775,4817547
1776,5031041
1783,8290069
1789,8327799
1794,5031041
1795,4817547
1799,8659362
1802,5031041
1805,5031041
1808,7397667
1811,4817547
1812,8659362
1813,7397667
1816,6158542
1817,8327799
1820,4817547
1828,5031041
1837,7397667
1838,8327799
1840,4817547
1841,8659362
1842,9295946
1843,4817547
1845,8635448
1847,4817547
1848,5031041
1853,5031041
1855,8290069
1856,8327799
1861,8327799
1864,6161656
1871,5031041
1873,5031041
1874,8635448
1875,7397667
1876,5031041
1877,5031041
1885,8327799
1887,8327799
1894,7397667
1896,8327799
1897,8659362
1905,5031041
1908,5031041
1909,9504556
1912,4817547
1918,9504556
1922,9490644
1923,5031041
1926,7397667
1930,5031041
1935,8327799
1949,5031041
1960,4817547
1967,4817547
1968,7068989
1969,4817547
1973,4817547
1974,4817547
1976,4817547
1977,5031041
1978,9504556
1982,8290069
1986,4817547
1996,5031041
2002,5031041
2010,8635448
2013,4817547
2014,4425579
2024,4425579
2026,4212085
2027,7783290
2028,4212085
2031,4425579
2033,6156345
2038,8439227
2041,4425579
2047,4212085
2054,4425579
2055,7227648
2057,7760430
2059,4425579
2062,4425579
2063,7760430
2074,4212085
2077,7227648
2089,6907179
2092,8439227
2095,4425579
2099,7760430
2108,6907179
2116,4212085
2117,7783290
2120,4425579
2130,4212085
2131,4425579
2133,4425579
2135,4425579
2138,4425579
2139,7227648
2140,8439227
2143,4425579
2144,6156345
2146,4425579
2148,4212085
2153,7760430
2160,4425579
2173,4425579
2179,6907179
2180,7227648
2181,4425579
2182,4212085
2183,4212085
2184,4812236
2189,4425579
2190,6156345
2191,7227648
2192,7227648
2200,4425579
2205,4425579
2206,4425579
2207,7760430
2212,4425579
2215,4212085
2219,6907179
2229,8633925
2232,4425579
2238,5025730
2241,7227648
2244,4425579
2247,4212085
2249,5025730
2250,4425579
2254,7227648
2255,4425579
2262,6904064
2264,5025730
2268,6153231
2269,7760430
2281,4425579
2284,7760430
2288,4212085
2296,6156345
2299,7760430
2300,6153231
2302,7760430
2305,8439227
2310,4812236
2325,4425579
2327,4425579
2332,4812236
2333,4425579
2343,7760430
2347,7783290
2350,4212085
2356,4812236
2359,8647837
2365,4425579
2370,5025730
2372,7227648
2375,4425579
2382,7227648
2383,7802642
2386,4212085
2390,5025730
2398,4425579
2403,6907179
2406,4425579
2411,4425579
2418,4425579
2419,4425579
2422,7760430
2429,4425579
2430,7802642
2431,7760430
2434,4212085
2439,6907179
2443,4425579
2445,8647837
2449,7760430
2452,4425579
2456,6907179
2459,8633925
2465,4425579
2476,4425579
2485,4425579
2488,4212085
2490,7760430
2491,7783290
2492,4212085
2501,4173822
2503,7760430
2506,4425579
2508,4212085
2510,4212085
2513,6907179
2520,4425579
2521,4212085
2525,5025730
2526,3600326
2529,3988187
2530,3600326
2535,3600326
2536,3583770
2540,3583770
2543,3600326
2547,4088569
2549,3583770
2558,3844435
2559,3600326
2562,3998483
2568,3583770
2570,3600326
2571,3980905
2573,3600326
2575,3600326
2576,3600326
2577,3600326
2578,3600326
2581,3844435
2582,3600326
2583,4088569
2584,3903033
2586,3583770
2587,3600326
2595,3600326
2600,3600326
2603,3600326
2604,3998483
2605,3600326
2606,3844435
2610,3988187
2613,3844435
2630,3988187
2631,3600326
2632,3998483
2652,3844435
2659,3583770
2662,4088569
2665,3600326
2667,4088569
2668,4088569
2672,3844435
2674,3600326
2675,3600326
2676,3980905
2678,3600326
2685,3583770
2689,3600326
2691,3583770
2694,3980905
2695,3600326
2697,3600326
2699,3903033
2700,3583770
2701,3600326
2705,3903033
2716,3599394
2718,3600326
2721,3600326
2733,3998483
2737,3600326
2739,3998483
2748,3980905
2749,3844435
2752,3600326
2753,3583770
2755,3583770
2765,3600326
2766,3600326
2774,3600326
2775,3600326
2776,4088569
2777,3600326
2779,3600326
2785,4004820
2786,4299556
2796,3844435
2797,3600326
2805,3980905
2807,4088569
2809,4299556
2810,3600326
2816,3600326
2817,3988187
2819,3988187
2827,3583770
2833,3600326
2835,4004820
2837,3600326
2841,3903033
2842,4247157
2843,4247157
2851,3600326
2854,4299556
2860,3844435
2863,3583770
2869,3600326
2874,3600326
2876,3583770
2877,3988187
2878,3600326
2882,4247157
2887,3583770
2889,3600326
2890,3844435
2903,3998483
2906,3600326
2910,4004820
2912,3980905
2913,3600326
2918,3600326
2921,3600326
2922,3998483
2925,4299556
2927,3834413
2930,3583770
2936,3583770
2937,3583770
2943,3903033
2946,3600326
2947,3600326
2949,3583770
2952,3844435
2953,3600326
2955,3903033
2957,3583770
2960,3600326
2962,3600326
2963,3600326
2969,4004820
2977,3600326
2979,3844435
2980,4004820
2992,3998483
2994,3998483
3002,3600326
3008,4299556
3009,3583770
3011,3600326
3016,3988187
3022,3998483
3023,3600326
3031,3600326
3035,3600326
3039,3980905
3045,4299556
3048,3600326
3052,3583770
3055,3988187
3056,3844435
3058,3600326
3068,3988187
3069,3998483
3070,4299556
3072,3834413
3073,3988187
3074,4088569
3075,3980905
3077,4004820
3080,3600326
3091,4247157
3102,3600326
3106,3600326
3116,3769773
3123,2230722
3124,3683075
3126,3769773
3130,3882885
3137,2230722
3139,2230722
3146,3882885
3147,3775221
3152,3762990
3160,2230722
3166,3683075
3168,3775221
3170,3775221
3172,3775221
3173,3985428
3176,2230722
3177,2230722
3197,3775221
3200,3775221
3201,3792798
3204,3769773
3206,3792798
3210,3769773
3219,2230722
3220,2230722
3229,2230722
3232,3985428
3235,2230722
3236,2230722
3239,2230722
3240,2230722
3249,3769773
3257,3769773
3260,3985428
3262,3775221
3264,2230722
3267,3769773
3268,3762990
3272,3683075
3278,3799136
3286,3762990
3290,2230722
3291,2230722
3292,3799136
3293,2230722
3296,2230722
3305,2230722
3308,3762990
3309,3775221
3315,2230722
3319,2230722
3320,3762990
3326,3792798
3330,3775221
3333,2230722
3334,3985428
3337,3775221
3341,3762990
3342,3775221
3343,3683075
3345,3762990
3346,2230722
3347,2230722
3355,3769773
3358,2230722
3359,2230722
3361,3985428
3362,3882885
3364,2230722
3365,2230722
3367,2230722
3369,3769773
3374,3775221
3386,2230722
3389,2230722
3390,2230722
3395,2230722
3403,3775221
3410,2230722
3411,3683075
3413,2230722
3417,3799136
3419,3775221
3425,2230722
3426,2230722
3429,2230722
3433,3683075
3436,3799136
3445,2230722
3447,2230722
3448,3799136
3454,2230722
3461,2230722
3468,3769773
3470,2230722
3475,2230722
3482,3762990
3484,3762990
3491,3985428
3492,2230722
3496,2230722
3500,3775221
3514,2230722
3524,3985428
3526,3882885
3527,3775221
3528,3683075
3532,3792798
3534,3769773
3535,2230722
3539,3775221
3540,2230722
3555,3769773
3563,2230722
3569,2230722
3572,3775221
3575,3762990
3584,3762990
3588,3799136
3597,3792798
3598,2230722
3601,2230722
3612,3882885
3614,3683075
3615,2230722
3618,3769773
3625,2230722
3655,2230722
3661,2230722
3665,3769773
3666,2230722
3675,3775221
3683,3985428
3685,2230722
3688,3775221
3690,3985428
3697,3762990
3710,2230722
3716,2230722
3727,2230722
3738,2230722
3745,2230722
3749,3985428
3754,3882885
3776,2230722
3778,3985428
3784,3769773
3786,2230722
3788,2230722
3791,3683075
3803,3683075
3809,3882885
3811,2230722
3817,3683075
3820,2893961
3824,2786297
3826,1575526
3829,1575526
3831,2810212
3832,2956422
3836,1575526
3845,2786297
3846,2774066
3848,2786297
3849,2751659
3857,1575526
3859,1575526
3861,2230722
3867,2893961
3876,1575526
3877,2230722
3878,1575526
3883,1575526
3885,2774066
3889,1575526
3890,1575526
3891,2803874
3913,2751659
3920,2956422
3922,1575526
3930,1575526
3931,2803874
3934,2996504
3941,2780849
3942,1575526
3945,1575526
3950,1575526
3951,1575526
3959,1575526
3960,1575526
3962,1575526
3972,2996504
3982,1575526
3984,2786297
3986,1575526
3988,2810212
3989,2803874
3990,2810212
3991,1575526
3995,1575526
3997,2230722
4000,2810212
4002,1575526
4007,1575526
4010,2774066
4012,2786297
4013,1575526
4019,1575526
4028,1575526
4032,2230722
4035,1575526
4038,2230722
4040,2956422
4042,2751659
4046,2786297
4054,2780849
4065,2996504
4073,1575526
4074,1575526
4084,1575526
4106,1575526
4108,1575526
4109,1575526
4110,2956422
4111,1575526
4112,2786297
4113,1575526
4115,1575526
4119,1575526
4123,2786297
4129,1575526
4131,1575526
4133,1575526
4138,2786297
4143,1575526
4146,1575526
4151,1575526
4161,1575526
4163,2230722
4166,1575526
4168,1575526
4171,1575526
4180,1575526
4185,1575526
4189,2786297
4190,1575526
4191,1575526
4197,1575526
4201,1575526
4208,1575526
4213,1575526
4219,2996504
4221,2786297
4226,1575526
4233,2230722
4241,1575526
4245,2803874
4256,1575526
4261,2774066
4262,2893961
4268,1575526
4274,1575526
4278,1575526
4279,1575526
4280,2786297
4289,1575526
4291,2774066
4294,2780849
4301,2786297
4308,1575526
4310,2810212
4312,2230722
4315,1575526
4321,2751659
4325,2230722
4326,1575526
4327,1575526
4328,1575526
4329,2774066
4341,1575526
4343,2230722
4349,2774066
4350,1575526
4357,1575526
4359,1575526
4362,1575526
4364,1575526
4366,1575526
4369,1575526
4376,2803874
4380,2780849
4381,2774066
4383,1575526
4388,1575526
4395,2996504
4396,2774066
4407,1575526
4414,2751659
4415,1575526
4416,2956422
4419,1575526
4425,1575526
4427,2786297
4432,1575526
4433,1575526
4435,2786297
4440,2893961
4441,1575526
4443,1575526
4446,2996504
4454,2803874
4462,2230722
4474,2774066
4481,1575526
4484,2996504
4489,2751659
4491,1575526
4492,2774066
4505,1575526
4510,1575526
4520,2230722
4521,1575526
4522,1575526
4529,1575526
4531,1575526
4532,1575526
4557,2199818
4561,2688185
4562,2704478
4564,1491160
4566,1491160
4571,2704478
4581,2704478
4584,2908752
4585,2699030
4590,2199818
4594,1557360
4595,1557360
4596,2688185
4598,2699030
4601,2199818
4604,2908752
4605,2868670
4610,2699030
4618,1557360
4619,2704478
4620,1491160
4623,2722460
4628,1491160
4635,1557360
4645,1491160
4652,2699030
4654,1491160
4655,2704478
4656,2699030
4657,1491160
4661,1491160
4662,1491160
4663,1491160
4665,2199818
4670,2699030
4671,2699030
4672,2716122
4675,1491160
4676,1491160
4678,2716122
4681,1491160
4684,1491160
4687,1491160
4697,2722460
4705,1557360
4707,2699030
4714,1491160
4715,1491160
4717,1491160
4721,1491160
4725,2704478
4726,1491160
4730,2699030
4732,1491160
4734,2704478
4735,1491160
4741,1491160
4750,2688185
4757,1557360
4760,2688185
4765,1491160
4767,1491160
4769,2199818
4770,1491160
4773,1491160
4775,1491160
4779,1491160
4783,2908752
4787,1491160
4794,2688185
4796,2699030
4797,1557360
4801,2688185
4806,2688185
4808,2704478
4814,2908752
4820,1491160
4825,1491160
4828,2688185
4840,1491160
4844,2704478
4845,2699030
4846,2688185
4851,2806209
4862,2699030
4864,1491160
4871,1491160
4872,2704478
4874,1491160
4877,1491160
4878,2688185
4886,1491160
4888,1491160
4893,1491160
4900,2699030
4921,1557360
4929,1491160
4934,1491160
4935,2722460
4938,1491160
4949,1491160
4951,1491160
4952,1491160
4955,2716122
4963,2704478
4977,2688185
4984,1491160
4987,1491160
4991,1491160
5001,1491160
5002,2716122
5011,2688185
5012,2688185
5015,2699030
5018,1491160
5022,2704478
5024,2704478
5027,2722460
5031,2199818
5042,1491160
5043,2908752
5044,1491160
5048,2699030
5054,2722460
5055,2868670
5056,2704478
5059,1557360
5065,1491160
5066,1491160
5070,2806209
5072,1491160
5078,1491160
5083,1491160
5100,2806209
5101,1491160
5104,1491160
5106,2699030
5107,1491160
5108,2704478
5112,1491160
5117,2722460
5118,1491160
5120,2704478
5124,1491160
5128,1557360
5132,1557360
5134,1491160
5137,2716122
5139,2199818
5141,2722460
5147,2199818
5148,1491160
5158,1557360
5162,1491160
5164,2908752
5170,1491160
5171,2199818
5176,2688185
5180,2688185
5181,2688185
5182,1491160
5188,2699030
5197,2199818
5198,2704478
5201,1491160
5215,1491160
5216,2704478
5217,2704478
5220,1491160
5221,1491160
5223,2699030
5226,1491160
5227,2699030
5233,2688185
5239,2699030
5240,2868670
5242,1491160
5243,2908752
5245,1491160
5247,1491160
5252,2199818
5255,2704478
5260,2699030
5264,1491160
5269,2716122
5272,1491160
5276,2722460
5282,1491160
5286,2806209
5290,2699030
5291,2704478
5296,1557360
5303,2199818
5304,1491160
5309,1491160
5317,2704478
5319,2688185
5322,1491160
5324,1491160
5325,1491160
5329,2716122
5330,2908752
5333,2868670
5334,2868670
5340,1491160
5342,1491160
5346,2704478
5349,1491160
5350,1491160
5355,2699030
5360,1491160
5374,1491160
5376,2806209
5377,2688185
5389,1491160
5393,1491160
5395,2699030
5396,1491160
5397,2722460
5398,1491160
5399,1079726
5401,1079726
5402,1079726
5405,959089
5413,1079726
5417,959089
5418,1079726
5419,1007011
5426,661432
5429,661432
5431,661432
5432,661432
5436,1079726
5439,959089
5440,661432
5455,661432
5456,959089
5468,661432
5469,661432
5472,661432
5473,661432
5475,1058483
5481,661432
5482,661432
5490,661432
5494,661432
5499,1079726
5504,1058483
5513,661432
5528,1007011
5535,1079726
5542,661432
5543,661432
5546,661432
5547,1079726
5552,661432
5553,661432
5557,661432
5558,1058483
5566,1007011
5567,661432
5576,661432
5583,661432
5585,661432
5590,1079726
5594,661432
5602,1079726
5603,1079726
5610,661432
5620,1058483
5623,1058483
5641,1079726
5647,1007011
5649,959089
5660,1079726
5661,1079726
5668,1079726
5673,1079726
5675,661432
5676,1058483
5682,959089
5686,1079726
5689,661432
5696,661432
5713,1079726
5715,1079726
5717,959089
5724,661432
5729,1007011
5733,959089
5737,1079726
5740,661432
5741,661432
5750,661432
5758,661432
5759,1079726
5763,959089
5764,661432
5776,1058483
5777,661432
5780,661432
5783,661432
5784,1079726
5788,1079726
5790,661432
5792,661432
5794,1079726
5799,661432
5807,661432
5808,661432
5812,661432
5813,1079726
5819,1007011
5824,1058483
5826,1079726
5838,1079726
5840,1058483
5851,959089
5852,661432
5861,959089
5863,661432
5870,959089
5871,661432
5872,661432
5878,1079726
5888,661432
5893,959089
5902,1058483
5905,1079726
5907,1079726
5909,661432
5922,661432
5926,661432
5929,1079726
5933,1079726
5940,1007011
5948,661432
5949,661432
5955,661432
5956,661432
5959,1079726
5962,661432
5963,959089
5965,661432
5966,1079726
5968,1079726
5969,661432
5970,1079726
5971,1079726
5972,661432
5974,1079726
5975,1058483
5977,1079726
5981,1079726
5983,1079726
5986,1079726
5988,661432
5990,1007011
5997,1007011
5998,661432
6002,661432
6008,661432
6010,661432
6013,661432
6016,661432
6031,661432
6032,1079726
6036,661432
6037,661432
6038,1079726
6041,1079726
6046,661432
6047,661432
6058,661432
6063,661432
6065,661432
6066,1079726
6081,661432
6085,661432
6086,1058483
6088,661432
6090,1079726
6093,661432
6095,661432
6098,1079726
6099,959089
6104,1079726
6105,1007011
6111,1079726
6115,1079726
6116,1079726
6122,661432
6131,1007011
6135,1079726
6136,1079726
6140,661432
6141,1079726
6142,661432
6143,661432
6144,661432
6145,1079726
6151,661432
6152,661432
6154,661432
6161,661432
6162,1079726
6169,661432
6170,1079726
6173,661432
6181,1079726
6184,661432
6185,1079726
6187,1007011
6192,1079726
6194,661432
6200,1079726
6202,1079726
6203,661432
6204,959089
6212,1079726
6213,1007011
6215,661432
6217,1007011
6218,1079726
6221,1079726
6226,1079726
6227,1079726
6228,1058483
6229,661432
6236,1007011
6237,661432
6238,1079726
6245,1079726
6250,1079726
6252,1007011
6254,1079726
6258,1079726
6260,1079726
6262,661432
6274,1079726
6281,661432
6285,661432
6288,1058483
6300,1079726
6302,1079726
6307,661432
6308,1058483
6311,661432
6317,1079726
6328,1079726
6331,646429
6333,646429
6335,1079726
6343,1007011
6344,1079726
6349,646429
6353,661432
6355,1058483
6359,646429
6367,1079726
6368,1079726
6369,646429
6370,1079726
6373,1079726
6382,661432
6385,1079726
6386,959089
6387,646429
6389,646429
6394,1079726
6411,646429
6413,1079726
6417,1058483
6423,646429
6425,1079726
6444,646429
6449,1079726
6455,959089
6460,1007011
6467,646429
6470,646429
6476,1007011
6479,1007011
6480,1079726
6486,646429
6487,1079726
6493,646429
6497,1079726
6499,646429
6501,646429
6503,646429
6505,646429
6507,661432
6511,646429
6512,646429
6521,959089
6522,646429
6532,646429
6534,646429
6536,646429
6538,646429
6541,646429
6550,1079726
6561,646429
6564,1079726
6569,646429
6577,959089
6579,646429
6583,646429
6587,661432
6592,661432
6603,646429
6607,1079726
6613,1007011
6626,661432
6647,646429
6650,959089
6657,1079726
6663,646429
6672,1079726
6677,646429
6678,646429
6681,646429
6683,646429
6685,646429
6689,646429
6691,646429
6692,959089
6699,1007011
6709,646429
6719,646429
6731,646429
6738,1079726
6739,646429
6740,661432
6746,646429
6751,1079726
6755,646429
6756,646429
6757,1007011
6768,1007011
6779,1079726
6780,1058483
6782,1079726
6783,1079726
6787,1079726
6788,646429
6795,661432
6799,646429
6804,646429
6811,1079726
6813,646429
6814,646429
6816,1079726
6824,646429
6825,646429
6826,646429
6827,646429
6835,661432
6845,1058483
6851,646429
6852,1079726
6858,1079726
6862,646429
6866,1079726
6867,646429
6868,1058483
6880,1058483
6883,646429
6899,1079726
6901,661432
6902,661432
6907,646429
6914,1079726
6916,1079726
6917,646429
6932,646429
6936,1079726
6947,646429
6949,646429
6950,1007011
6954,646429
6971,1079726
6973,1007011
6974,1079726
6982,1079726
6983,646429
6998,1079726
7006,1079726
7008,646429
7030,646429
7036,646429
7037,646429
7038,1079726
7043,1079726
7051,1079726
7053,959089
7059,646429
7060,1079726
7062,646429
7067,1079726
7070,959089
7076,1079726
7078,1079726
7079,646429
7084,1079726
7090,1079726
7091,661432
7093,1079726
7100,1079726
7104,646429
7108,646429
7111,1079726
7112,1079726
7115,646429
7117,646429
7127,646429
7133,646429
7136,1079726
7138,646429
7145,646429
7146,646429
7151,646429
7163,1007011
7171,646429
7173,661432
7187,1079726
7193,1079726
7195,646429
7201,1079726
7208,661432
7211,1058483
7213,646429
7221,1079726
7223,646429
7233,1079726
7235,646429
7236,1079726
7244,646429
7245,1079726
7248,1058483
7249,646429
7252,959089
7261,646429
7271,1079726
7272,1007011
7275,646429
7292,661432
7295,1079726
7300,1079726
7302,1007011
7304,646429
7312,646429
7314,1079726
7325,1007011
7329,1079726
7330,1079726
7334,1079726
7336,646429
7340,646429
7341,1079726
7351,661432
7356,646429
7360,646429
7364,646429
7372,646429
7373,646429
7383,646429
7385,646429
7394,959089
7398,646429
7401,646429
7408,1058483
7409,1079726
7410,646429
7417,1079726
7418,646429
7419,646429
7429,1079726
7444,646429
7450,1079726
7454,1079726
7459,646429
7462,646429
7466,646429
7469,646429
7478,646429
7493,1079726
7502,646429
7504,1058483
7511,646429
7512,1058483
7515,646429
7520,1079726
7523,646429
7524,646429
7527,1079726
7544,959089
7554,1079726
7555,1079726
7559,646429
7560,1079726
7564,1079726
7569,1079726
7571,1079726
7579,1079726
7583,661432
7584,1079726
7586,1079726
7598,1079726
7605,1079726
7612,646429
7614,646429
7615,661432
7616,1079726
7618,646429
7620,646429
7623,1079726
7627,646429
7630,1079726
7631,1007011
7632,646429
7636,1058483
7643,1079726
7644,646429
7647,1058483
7650,646429
7651,646429
7653,1079726
7657,646429
7658,959089
7667,1079726
7676,1058483
7677,959089
7683,1079726
7689,959089
7703,1079726
7705,646429
7710,646429
7712,646429
7722,646429
7729,1079726
7731,646429
7733,646429
7735,646429
7741,646429
7746,646429
7750,1007011
7751,646429
7757,646429
7759,1079726
7772,1058483
7773,661432
7785,1079726
7789,1079726
7801,1058483
7806,959089
7809,1079726
7818,1079726
7819,646429
7823,646429
7825,1007011
7828,1058483
7829,646429
7831,646429
7834,1079726
7835,646429
7840,646429
7842,646429
7846,1079726
7850,1079726
7851,646429
7856,1007011
7865,1079726
7871,959089
7886,1079726
7891,1079726
7893,1079726
7895,1079726
7898,1079726
7902,959089
7907,646429
7909,1079726
7915,1079726
7916,1058483
7917,1079726
7929,646429
7931,646429
7937,661432
7938,646429
7940,661432
7941,646429
7945,646429
7946,1007011
7955,646429
7956,1079726
7960,646429
7961,1079726
7962,646429
7967,646429
7968,1079726
7978,646429
7979,646429
7987,959089
7991,646429
8000,1079726
8004,646429
8006,1079726
8007,646429
8011,959089
8014,1079726
8029,1079726
8036,1079726
8037,646429
8042,1007011
8043,1058483
8047,646429
8053,1079726
8057,646429
8065,959089
8068,1079726
8075,646429
8078,1079726
8093,646429
8094,1079726
8097,1079726
8103,1079726
8107,959089
8110,646429
8115,646429
8119,1058483
8120,646429
8122,646429
8132,1058483
8134,1007011
8136,646429
8148,646429
8163,959089
8165,1079726
8177,646429
8182,1079726
8185,646429
8192,646429
8199,1079726
8200,646429
8208,646429
8213,1007011
8216,646429
8222,1079726
8223,646429
8234,1079726
8243,646429
8251,1079726
8254,646429
8256,1079726
8259,1079726
8267,1007011
8271,1079726
8272,1079726
8273,646429
8274,646429
8279,1079726
8283,1079726
8284,1079726
8285,646429
8302,1007011
8304,1058483
8306,1058483
8309,1079726
8315,646429
8317,635710
8327,1052454
8345,1052454
8352,635710
8360,1052454
8362,1052454
8363,1052454
8365,635710
8367,635710
8369,635710
8370,635710
8371,635710
8373,635710
8374,635710
8378,931817
8384,635710
8387,979739
8390,635710
8394,650713
8395,1031211
8396,1052454
8400,1052454
8401,931817
8402,1052454
8405,1052454
8407,635710
8411,1052454
8413,1052454
8419,1052454
8420,635710
8425,979739
8428,635710
8431,635710
8442,635710
8448,1052454
8449,635710
8455,635710
8458,1052454
8467,979739
8468,635710
8478,1031211
8479,1052454
8483,979739
8485,635710
8490,635710
8496,635710
8498,1052454
8500,635710
8504,635710
8505,979739
8510,1052454
8520,635710
8522,635710
8533,1031211
8540,1052454
8547,650713
8560,635710
8569,650713
8580,635710
8583,1052454
8591,635710
8594,635710
8598,1052454
8603,1052454
8611,635710
8617,1052454
8622,1052454
8624,1031211
8635,635710
8636,650713
8637,1052454
8642,1052454
8643,635710
8644,1052454
8648,1052454
8662,635710
8670,1052454
8672,979739
8675,1052454
8676,1052454
8677,635710
8689,931817
8690,635710
8691,635710
8698,635710
8702,635710
8703,1031211
8705,635710
8712,650713
8716,650713
8717,1031211
8718,650713
8719,1052454
8721,635710
8724,635710
8731,635710
8736,635710
8746,635710
8749,979739
8756,979739
8757,1031211
8761,635710
8762,1052454
8763,1052454
8772,1052454
8773,635710
8774,635710
8780,635710
8781,1052454
8783,635710
8784,635710
8786,979739
8792,635710
8793,1052454
8799,635710
8800,635710
8809,650713
8814,635710
8816,635710
8824,1052454
8826,635710
8829,635710
8832,635710
8834,635710
8835,650713
8837,1031211
8844,635710
8846,635710
8851,1052454
8859,1052454
8861,635710
8862,650713
8865,635710
8868,635710
8871,1052454
8873,979739
8884,635710
8892,635710
8898,635710
8902,635710
8906,650713
8908,931817
8909,635710
8913,650713
8915,1052454
8916,635710
8917,1052454
8922,1052454
8925,635710
8930,650713
8934,635710
8938,635710
8940,1052454
8949,635710
8951,1052454
8953,635710
8958,635710
8962,650713
8973,979739
8976,1031211
8982,1052454
8986,650713
8987,1052454
8989,650713
8991,635710
8993,635710
9001,635710
9009,1031211
9015,1052454
9016,1052454
9020,635710
9023,1052454
9024,1052454
9027,635710
9028,635710
9033,1052454
9038,635710
9042,1052454
9048,1052454
9055,635710
9062,635710
9068,1052454
9069,635710
9070,931817
9072,1052454
9073,635710
9075,635710
9076,635710
9077,979739
9079,635710
9080,635710
9082,931817
9089,931817
9100,650713
9101,650713
9108,635710
9113,650713
9117,931817
9126,1052454
9132,635710
9135,635710
9137,1052454
9141,635710
9148,650713
9153,635710
9159,1031211
9170,635710
9172,635710
9173,635710
9176,979739
9192,635710
9194,1052454
9200,635710
9210,635710
9225,635710
9231,1052454
9233,635710
9237,1052454
9239,635710
9242,1052454
9247,1052454
9248,979739
9253,1052454
9277,635710
9281,635710
9283,635710
9293,635710
9297,635710
9298,650713
9304,635710
9306,979739
9309,931817
9337,635710
9341,979739
9343,635710
9346,635710
9347,635710
9351,931817
9352,1052454
9359,635710
9365,979739
9367,1052454
9368,635710
9371,635710
9374,635710
9377,931817
9383,1052454
9385,931817
9398,650713
9401,635710
9405,1031211
9411,621847
9412,1005101
9419,621847
9424,621847
9430,1005101
9431,1005101
9437,621847
9439,1005101
9441,1005101
9442,934673
9453,621847
9457,888974
9460,621847
9465,1005101
9483,621847
9484,621847
9489,1005101
9491,1005101
9504,621847
9506,621847
9508,621847
9513,1005101
9517,621847
9520,1005101
9522,621847
9533,1005101
9542,1005101
9543,621847
9548,621847
9550,621847
9560,621847
9563,621847
9581,621847
9582,621847
9585,621847
9589,983858
9590,934673
9593,1005101
9604,1005101
9611,983858
9613,1005101
9619,621847
9633,621847
9638,621847
9646,621847
9654,621847
9656,621847
9663,1005101
9671,1005101
9674,621847
9675,1005101
9676,621847
9677,621847
9679,621847
9694,621847
9698,621847
9704,621847
9707,621847
9710,983858
9711,1005101
9713,1005101
9718,621847
9723,621847
9737,1005101
9738,888974
9739,621847
9741,636850
9755,934673
9758,621847
9766,934673
9774,1005101
9779,621847
9781,934673
9787,934673
9790,621847
9800,621847
9801,621847
9808,621847
9811,1005101
9813,983858
9814,621847
9821,1005101
9825,621847
9828,1005101
9833,621847
9838,1005101
9839,621847
9840,636850
9849,983858
9850,1005101
9857,621847
9860,1005101
9861,1005101
9864,934673
9865,1005101
9866,621847
9868,621847
9872,1005101
9880,621847
9882,888974
9888,621847
9891,621847
9900,621847
9901,621847
9904,621847
9905,621847
9907,621847
9911,621847
9917,621847
9918,1005101
9919,983858
9921,888974
9928,621847
9935,934673
9938,621847
9946,1005101
9947,621847
9959,888974
9963,621847
9970,621847
9972,621847
9975,621847
9992,1005101
9993,636850
9995,1005101
10005,636850
10017,1005101
10019,983858
10023,621847
10024,621847
10030,1005101
10031,621847
10033,1005101
10034,621847
10039,934673
10043,888974
10051,934673
10072,888974
10080,621847
10084,983858
10087,621847
10101,983858
10102,983858
10105,621847
10109,621847
10110,621847
10113,621847
10116,621847
10125,621847
10134,888974
10141,1005101
10142,1005101
10147,621847
10149,621847
10152,621847
10156,621847
10162,621847
10164,621847
10165,621847
10178,934673
10179,621847
10181,983858
10185,621847
10186,621847
10187,1005101
10195,636850
10205,621847
10208,888974
10214,621847
10216,621847
10222,621847
10226,621847
10229,934673
10240,621847
10242,983858
10245,636850
10249,1005101
10262,621847
10266,621847
10267,1005101
10269,621847
10275,636850
10282,636850
10287,621847
10288,636850
10303,621847
10308,1005101
10322,621847
10323,621847
10326,983858
10329,983858
10344,621847
10348,621847
10349,621847
10350,621847
10353,1005101
10356,621847
10362,450287
10375,450287
10388,450287
10389,462449
10390,462449
10391,450287
10392,450287
10397,462449
10411,462449
10418,450287
10423,450287
10434,450287
10437,450287
10449,450287
10453,462449
10457,450287
10460,450287
10462,450287
10463,450287
10468,462449
10469,462449
10478,450287
10483,450287
10486,450287
10487,462449
10489,454442
10494,450287
10498,450287
10505,450287
10515,450287
10516,454442
10518,462449
10521,462449
10523,462449
10527,462449
10533,462449
10539,462449
10541,450287
10544,450287
10545,450287
10551,450287
10555,454442
10557,450287
10558,462449
10573,462449
10584,450287
10591,450287
10595,454442
10608,450287
10613,450287
10616,450287
10617,462449
10621,450287
10623,462449
10629,450287
10632,450287
10641,462449
10644,462449
10645,450287
10658,462449
10659,462449
10663,450287
10665,450287
10683,462449
10693,450287
10695,450287
10697,454442
10706,454442
10707,462449
10714,462449
10715,450287
10725,450287
10727,450287
10729,450287
10733,462449
10745,450287
10752,450287
10755,462449
10757,450287
10759,450287
10764,454442
10772,462449
10781,450287
10783,462449
10785,450287
10789,450287
10791,450287
10792,450287
10797,462449
10801,454442
10806,450287
10808,462449
10811,450287
10813,450287
10817,462449
10821,450287
10823,450287
10829,462449
10840,450287
10843,462449
10847,450287
10855,462449
10857,462449
10861,450287
10865,462449
10866,450287
10869,450287
10875,450287
10881,450287
10883,450287
10884,450287
10888,450287
10892,462449
10894,462449
10895,462449
10901,462449
10902,462449
10905,462449
10911,450287
10915,450287
10918,450287
10919,450287
10926,450287
10927,462449
10930,462449
10932,450287
10935,450287
10937,450287
10938,450287
10945,450287
10946,450287
10947,462449
10948,462449
10949,450287
10952,462449
10954,450287
10959,454442
10976,450287
10977,462449
10980,454442
10981,462449
10984,450287
10993,450287
11005,450287
11011,462449
11023,450287
11037,462449
11038,450287
11039,450287
11041,450287
11044,450287
11049,450287
11051,462449
11059,450287
11071,462449
11073,450287
11083,450287
11084,462449
11086,462449
11091,462449
11092,462449
11093,450287
11097,462449
11110,450287
11115,454442
11117,462449
11120,450287
11121,450287
11123,462449
11124,462449
11127,450287
11137,450287
11145,450287
11146,462449
11152,450287
11154,462449
11155,462449
11156,462449
11157,462449
11158,450287
11161,450287
11167,462449
11169,462449
11170,462449
11171,450287
11173,450287
11177,450287
11183,450287
11190,462449
11191,450287
11200,450287
11205,450287
11211,462449
11230,450287
11232,454442
11233,450287
11236,462449
11237,462449
11244,450287
11259,462449
11261,450287
11265,450287
11272,450287
11278,462449
11283,450287
11284,462449
11292,462449
11294,450287
11305,450287
11307,450287
11311,450287
11314,462449
11320,450287
11321,450287
11323,462449
11337,450287
11343,450287
11345,462449
11347,462449
11356,450287
11363,444478
11375,444478
11377,444478
11382,444478
11383,444478
11385,444478
11386,444478
11391,444478
11399,444478
11400,444478
11405,444478
11407,444478
11408,444478
11410,444478
11412,444478
11416,444478
11419,444478
11422,444478
11423,444478
11425,444478
11427,444478
11432,444478
11434,444478
11436,444478
11440,444478
11442,444478
11452,444478
11453,444478
11458,444478
11463,444478
11464,444478
11471,444478
11481,444478
11507,444478
11510,444478
11511,444478
11514,444478
11515,444478
11516,444478
11517,444478
11519,444478
11525,444478
11526,444478
11533,444478
11534,444478
11539,444478
11540,444478
11545,444478
11546,444478
11547,444478
11551,444478
11554,444478
11555,444478
11561,444478
11567,444478
11575,444478
11578,444478
11580,444478
11584,444478
11590,444478
11593,444478
11595,444478
11598,444478
11599,444478
11601,444478
11610,444478
11612,444478
11617,444478
11620,444478
11625,444478
11626,444478
11628,444478
11633,444478
11636,444478
11639,444478
11651,444478
11666,444478
11669,444478
11673,444478
11675,444478
11676,444478
11684,444478
11685,444478
11689,444478
11694,444478
11695,444478
11711,444478
11716,444478
11718,444478
11720,444478
11722,444478
11731,444478
11738,444478
11744,444478
11745,444478
11751,444478
11753,444478
11760,444478
11763,444478
11764,444478
11770,444478
11776,444478
11800,444478
11801,444478
11804,444478
11808,444478
11820,444478
11824,444478
11825,444478
11831,444478
11840,444478
11841,444478
11854,444478
11857,444478
11863,444478
11864,444478
11869,444478
11871,444478
11883,444478
11884,444478
11890,444478
11894,444478
11895,444478
11899,444478
11905,444478
11911,444478
11917,444478
11920,444478
11921,444478
11926,444478
11928,444478
11929,444478
11930,444478
11935,444478
11939,444478
11942,444478
11948,444478
11949,444478
11957,444478
11961,444478
11962,444478
11963,444478
11966,444478
11970,444478
11971,444478
11975,444478
11981,444478
11985,444478
11991,444478
11992,444478
12004,444478
12005,444478
12006,444478
12012,444478
12017,444478
12018,444478
12019,444478
12022,444478
12025,444478
12031,444478
12034,444478
12037,444478
12039,444478
12050,444478
12060,444478
12061,444478
12067,444478
12081,444478
12097,444478
12099,444478
12100,444478
12102,444478
12103,444478
12107,444478
12116,444478
12125,444478
12126,444478
12147,444478
12158,444478
12165,444478
12169,444478
12171,444478
12172,444478
12181,444478
12186,444478
12187,444478
12189,444478
12191,444478
12193,444478
12195,444478
12199,444478
12202,444478
12203,444478
12212,444478
12219,444478
12221,444478
12223,444478
12228,444478
12237,444478
12238,444478
12245,444478
12246,444478
12254,444478
12257,444478
12264,444478
12270,444478
12281,444478
12283,435820
12293,435820
12304,435820
12308,435820
12317,435820
12318,435820
12320,435820
12322,435820
12323,435820
12329,435820
12330,435820
12339,435820
12340,435820
12341,435820
12346,435820
12352,435820
12353,435820
12359,435820
12360,435820
12363,435820
12365,435820
12366,435820
12369,435820
12371,435820
12379,435820
12394,435820
12414,435820
12415,435820
12417,435820
12419,435820
12420,435820
12424,435820
12425,435820
12431,435820
12439,435820
12489,435820
12490,435820
12492,435820
12500,435820
12505,435820
12506,435820
12516,435820
12519,435820
12521,435820
12523,435820
12525,435820
12529,435820
12531,435820
12541,435820
12545,435820
12549,435820
12559,435820
12560,435820
12561,435820
12566,435820
12575,435820
12578,435820
12588,435820
12589,435820
12595,435820
12599,435820
12604,435820
12611,435820
12614,435820
12615,435820
12623,435820
12625,435820
12629,435820
12631,435820
12633,435820
12638,435820
12639,435820
12642,435820
12645,435820
12648,435820
12655,435820
12656,435820
12660,435820
12662,435820
12674,435820
12676,435820
12681,435820
12691,435820
12695,435820
12697,435820
12708,435820
12710,435820
12717,435820
12720,435820
12722,435820
12739,435820
12743,435820
12746,435820
12756,435820
12759,435820
12761,435820
12762,435820
12763,435820
12764,435820
12784,435820
12786,435820
12787,435820
12794,435820
12801,435820
12807,435820
12808,435820
12814,435820
12815,435820
12826,435820
12829,435820
12834,435820
12837,435820
12839,435820
12843,435820
12848,435820
12849,435820
12860,435820
12864,435820
12868,435820
12875,435820
12880,435820
12885,435820
12886,435820
12892,435820
12904,435820
12907,435820
12911,435820
12920,435820
12922,435820
12928,435820
12935,435820
12936,435820
12937,435820
12938,435820
12939,435820
12940,435820
12946,435820
12950,435820
12953,435820
12970,435820
12979,435820
12988,435820
12991,435820
12996,435820
12997,435820
13012,435820
13013,435820
13016,435820
13033,435820
13043,435820
13051,435820
13056,435820
13060,435820
13061,435820
13064,435820
13069,435820
13075,435820
13077,435820
13080,435820
13084,425961
13086,425961
13091,425961
13092,425961
13096,425961
13103,425961
13123,425961
13125,425961
13133,425961
13136,425961
13139,425961
13140,425961
13145,425961
13146,425961
13148,425961
13152,425961
13160,425961
13173,425961
13174,425961
13183,425961
13187,425961
13192,425961
13193,425961
13197,425961
13201,425961
13216,425961
13219,425961
13220,425961
13227,425961
13230,425961
13237,425961
13238,425961
13241,425961
13244,425961
13245,425961
13259,425961
13265,425961
13271,425961
13274,425961
13282,425961
13284,425961
13287,425961
13293,425961
13295,425961
13296,425961
13299,425961
13300,425961
13301,425961
13305,425961
13308,425961
13313,425961
13320,425961
13324,425961
13333,425961
13334,425961
13339,425961
13343,425961
13346,425961
13351,425961
13365,425961
13368,425961
13373,425961
13378,425961
13379,425961
13386,425961
13387,425961
13396,425961
13398,425961
13401,425961
13402,425961
13406,425961
13407,425961
13418,425961
13425,425961
13438,425961
13442,425961
13443,425961
13444,425961
13449,425961
13453,425961
13458,425961
13469,425961
13472,425961
13484,425961
13501,425961
13502,425961
13503,425961
13504,425961
13508,425961
13509,425961
13519,425961
13520,425961
13521,425961
13522,425961
13527,425961
13530,425961
13532,425961
13536,425961
13538,425961
13543,425961
13548,425961
13549,425961
13551,425961
13556,425961
13560,425961
13561,425961
13566,425961
13576,425961
13577,425961
13583,425961
13590,425961
13592,425961
13594,425961
13596,425961
13598,425961
13601,425961
13607,425961
13608,425961
13611,425961
13618,425961
13620,425961
13622,425961
13624,425961
13631,425961
13637,425961
13655,425961
13664,425961
13666,425961
13667,425961
13684,425961
13697,425961
13702,425961
13704,425961
13715,425961
13717,425961
13721,425961
13723,425961
13725,425961
13729,298279
13732,298279
13739,298279
13740,298279
13746,298279
13748,298279
13756,298279
13761,298279
13764,298279
13765,298279
13768,298279
13772,298279
13785,298279
13786,298279
13788,298279
13804,298279
13806,298279
13808,298279
13810,298279
13820,298279
13822,298279
13826,298279
13831,298279
13832,298279
13836,298279
13844,298279
13849,298279
13852,298279
13860,298279
13869,298279
13870,298279
13872,298279
13878,298279
13882,298279
13890,298279
13891,298279
13894,298279
13898,298279
13903,298279
13908,298279
13911,298279
13913,298279
13914,298279
13915,298279
13916,298279
13929,298279
13935,298279
13941,298279
13944,298279
13945,298279
13952,298279
13953,298279
13960,298279
13961,298279
13973,298279
13974,298279
13976,298279
13977,298279
13981,298279
13992,298279
13993,298279
13994,298279
14005,298279
14012,298279
14015,298279
14017,298279
14020,298279
14022,298279
14025,298279
14037,298279
14050,298279
14064,298279
14065,298279
14076,298279
14077,298279
14078,298279
14081,298279
14088,298279
14100,298279
14101,298279
14104,298279
14115,298279
14129,298279
14130,298279
14136,298279
14144,298279
14153,298279
14156,298279
14165,298279
14168,298279
14169,298279
14170,298279
14174,298279
14180,298279
14185,298279
14186,298279
14196,298279
14198,298279
14211,298279
14223,298279
14227,298279
14231,298279
14235,298279
14256,298279
14257,298279
14261,298279
14263,298279
14264,298279
14268,298279
14282,298279
14286,298279
14300,298279
14304,298279
14305,298279
14311,298279
14313,298279
14316,298279
14317,298279
14329,169331
14330,169331
14332,169331
14336,169331
14338,169331
14339,169331
14348,169331
14351,169331
14353,169331
14355,169331
14362,169331
14365,169331
14366,169331
14367,169331
14377,169331
14378,169331
14379,169331
14380,169331
14396,169331
14398,169331
14400,169331
14401,169331
14406,169331
14414,169331
14420,169331
14428,169331
14429,169331
14432,169331
14434,169331
14440,169331
14441,169331
14446,169331
14454,169331
14455,169331
14466,169331
14469,169331
14472,169331
14473,169331
14486,169331
14488,169331
14489,169331
14490,169331
14499,169331
14508,169331
14535,169331
14539,169331
14541,169331
14547,169331
14556,169331
14559,169331
14561,169331
14563,169331
14564,169331
14565,169331
14571,169331
14574,169331
14576,169331
14581,169331
14584,169331
14599,169331
14606,169331
14607,169331
14611,169331
14621,169331
14625,169331
14626,169331
14631,169331
14635,169331
14636,169331
14639,169331
14649,169331
14650,169331
14655,169331
14658,169331
14659,169331
14669,169331
14671,169331
14681,169331
14684,169331
14685,169331
14686,169331
14689,169331
14690,169331
14692,169331
14693,169331
14694,169331
14700,169331
14703,169331
14714,169331
14734,169331
14737,169331
14740,169331
14742,169331
14744,169331
14745,169331
14750,169331
14757,169331
14758,169331
14761,169331
14762,169331
14771,169331
14778,169331
14784,169331
14786,169331
14802,169331
14805,169331
14812,169331
14819,169331
14820,169331
14826,169331
14827,169331
14835,169331
14843,169331
14848,169331
14858,169331
14861,169331
14862,169331
14863,169331
14867,169331
14869,169331
14874,169331
14881,169331
14882,169331
14900,169331
14906,169331
14908,169331
14917,169331
14920,169331
14927,169331
14930,169331
14935,169331
14939,169331
14944,169331
14945,169331
14950,169331
14954,169331
14967,169331
14968,169331
14969,169331
14979,169331
14987,169331
14996,169331
14999,169331
15009,169331
15021,169331
15022,169331
15024,169331
15028,169331
15032,169331
15036,169331
15040,169331
15041,169331
15052,169331
15053,169331
15055,169331
15070,169331
15072,169331
15073,169331
15076,169331
15078,169331
15080,169331
15081,169331
15091,169331
15095,169331
15105,169331
15112,169331
15117,169331
15122,169331
15127,169331
15133,169331
15135,169331
15139,169331
15142,169331
15147,169331
15151,169331
15152,169331
15159,169331
15164,169331
15169,169331
15174,169331
15175,169331
15180,169331
15183,169331
15191,169331
15193,169331
15195,169331
15197,169331
15199,169331
15201,169331
15207,169331
15209,169331
15213,169331
15215,169331
15221,169331
15225,169331
15234,169331
15246,169331
15249,169331
15250,169331
15264,169331
15267,169331
15275,169331
15277,169331
15282,169331
15286,169331
15290,169331
15292,169331
15293,169331
15306,169331
15310,169331
15333,169331
15334,169331
15339,169331
15353,169331
15356,169331
15357,169331
15360,169331
15371,169331
15378,169331
15386,169331
15387,169331
15389,169331
15392,169331
15393,169331
15396,169331
15401,169331
15422,169331
15431,169331
15448,169331
15457,169331
15460,169331
15462,169331
15463,169331
15476,169331
15478,169331
15484,169331
15489,169331
15490,169331
15493,169331
15498,169331
15504,169331
15511,169331
15517,169331
15518,169331
15520,169331
15529,169331
15533,169331
15536,169331
15539,169331
15540,169331
15546,169331
15552,169331
15563,169331
15564,169331
15569,169331
15573,169331
15574,169331
15584,169331
15600,169331
15602,169331
15604,169331
15608,169331
15612,169331
15614,169331
15615,169331
15616,169331
15621,169331
15622,169331
15630,169331
15631,169331
15632,169331
15638,169331
15640,169331
15645,169331
15647,169331
15652,169331
15670,169331
15673,169331
15692,169331
15694,169331
15697,169331
15702,169331
15703,169331
15721,169331
15722,169331
15737,169331
15738,169331
15750,169331
15751,169331
15754,169331
15763,169331
15765,169331
15769,169331
15773,169331
15777,169331
15781,169331
15795,169331
15796,169331
15800,169331
15825,169331
15831,169331
15836,169331
15838,169331
15840,169331
15844,169331
15860,169331
15865,169331
15870,169331
15871,169331
15878,169331
15885,169331
15887,169331
15892,169331
15893,169331
15897,169331
15898,169331
15902,169331
15905,169331
15908,169331
15911,169331
15920,169331
15926,169331
15932,169331
15934,169331
15936,169331
15937,169331
15938,169331
15939,169331
15951,169331
15970,169331
15981,169331
16003,169331
16004,169331
16012,169331
16013,169331
16015,169331
16020,169331
16033,169331
16036,169331
16049,169331
16051,169331
16052,169331
16053,169331
16064,169331
16067,169331
16074,169331
16082,169331
16092,169331
16093,169331
16095,169331
16096,169331
16097,169331
16100,169331
16102,169331
16103,169331
16116,169331
16118,169331
16121,169331
16122,169331
16124,169331
16126,169331
16128,169331
16133,169331
16138,169331
16141,169331
16153,169331
16155,169331
16160,169331
16163,169331
16183,169331
16191,169331
16199,169331
16209,169331
16222,169331
16226,169331
16230,169331
16241,169331
16248,169331
16259,169331
16261,169331
16263,169331
16270,169331
16274,169331
16287,169331
16296,169331
16300,169331
16306,169331
16309,169331
16311,169331
16324,169331
16328,169331
16329,169331
16332,169331
16336,169331
16343,169331
16346,169331
16361,169331
16365,169331
16383,169331
16390,169331
16394,169331
16411,169331
16415,169331
16426,169331
16428,169331
16430,169331
16432,169331
16438,169331
16448,169331
16459,169331
16463,169331
16467,169331
16478,169331
16489,169331
16498,169331
16510,169331
16527,169331
16529,169331
16540,169331
16542,169331
16546,169331
16551,169331
16559,169331
16561,169331
16562,169331
16567,169331
16568,169331
16574,169331
16579,169331
16581,169331
16583,169331
16590,169331
16594,169331
16596,169331
16603,169331
16613,169331
16620,169331
16621,169331
16634,169331
16637,169331
16639,169331
16640,169331
16641,169331
16651,169331
16659,169331
16660,169331
16684,169331
16693,169331
16702,169331
16705,169331
16707,169331
16721,169331
16722,169331
16728,169331
16733,169331
16746,169331
16762,169331
16773,169331
16778,169331
16784,169331
16801,169331
16814,169331
16818,169331
16838,169331
16854,169331
16861,169331
16872,169331
16873,169331
16874,169331
16888,169331
16889,169331
16913,169331
16918,169331
16924,169331
16929,169331
16932,169331
16937,169331
16943,169331
